Theoretical m/z;Name;Cluster
656.061737;C30H18N3O9Na4;[3 (M-H) + 4 Na]+
867.085726;C40H24N4O12Na5;[4 (M-H) + 5 Na]+
1078.109715;C50H30N5O15Na6;[5 (M-H) + 6 Na]+
1289.133704;C60H36N6O18Na7;[6 (M-H) + 7 Na]+ 
1500.157693;C70H42N7O21Na8;[7 (M-H) + 8 Na]+
1711.181682;C80H48N8O24Na9;[8 (M-H) + 9 Na]+
1922.205671;C90H54N9O27Na10;[9 (M-H) + 10 Na]+ 
1198.7055;Actin;AVFPSIVGRPR
1428.7117;Vimentin;SLYASSPGGVYATR
944.5313;Histone A2; AGLQFPVGR
1105.5749;Collagen1_pep1;GVQGPPGPAGPR(Ox)
836.4373; Collagen1_pep2; GPAGPQGPR
898.4781; Collagen1_pep3; QGYVIYR